{
  "gravity": [0.0, 0.0, 0.0],
  "processor_shared_weights": false,
  "n_out": 3,
  "latent_dim": 512,
  "nmessage_passing_steps": 4,
  "nmlp_layers": 2,
  "mlp_hidden_dim": 512,
  "tensegrity_cfg": {
    "name": "3bar",
    "rods": [
      {
        "name": "rod_01",
        "split_length": 1.0,
        "end_pts": [
          [-1.369575604775021, -0.7799842492566997, 5.17499564642021237],
                [0.6453632584660283, 0.9359648201845696, 7.0612724348545726]
        ],
        "linear_vel": [
          0,
          0,
          0
        ],
        "ang_vel": [
          0,
          0,
          0
        ],
        "radius": 0.016,
        "sphere_radius": 0.175,
        "sphere_mass": 0,
        "motor_mass": 0,
        "motor_radius": 0.175,
        "motor_length": 0.45,
        "motor_offset": 1.175,
        "mass": 41.8,
        "sites": [
          "s_0",
          "s_1"
        ]
      },
      {
        "name": "rod_23",
        "split_length": 1.0,
        "end_pts": [
          [0.39072685267962504, -1.722166499937207, 6.1668826105534147],
                [-0.5041439868987603, 1.2405807836069622, 5.17499820412717948]
        ],
        "linear_vel": [
          0,
          0,
          0
        ],
        "ang_vel": [
          0,
          0,
          0
        ],
        "radius": 0.016,
        "sphere_radius": 0.175,
        "sphere_mass": 0,
        "motor_mass": 0,
        "motor_radius": 0.175,
        "motor_length": 0.45,
        "motor_offset": 1.175,
        "mass": 41.8,
        "sites": [
          "s_2",
          "s_3"
        ]
      },
      {
        "name": "rod_45",
        "split_length": 1.0,
        "end_pts": [
          [-1.0302987384010633, -0.46526372588967924, 7.3502528412128862],
                [1.3425723383190868, -0.017782374861629063, 5.17499578471415012]
        ],
        "linear_vel": [
          0,
          0,
          0
        ],
        "ang_vel": [
          0,
          0,
          0
        ],
        "radius": 0.016,
        "sphere_radius": 0.175,
        "sphere_mass": 0,
        "motor_mass": 0,
        "motor_radius": 0.175,
        "motor_length": 0.45,
        "motor_offset": 1.175,
        "mass": 41.8,
        "sites": [
          "s_4",
          "s_5"
        ]
      }
    ],
    "system_topology": {
      "sites": {
        "s_0": [-1.369575604775021, -0.7799842492566997, 5.17499564642021237],
        "s_1": [0.6453632584660283, 0.9359648201845696, 7.0612724348545726],
        "s_2": [0.39072685267962504, -1.722166499937207, 6.1668826105534147],
        "s_3": [-0.5041439868987603, 1.2405807836069622, 5.17499820412717948],
        "s_4": [-1.0302987384010633, -0.46526372588967924, 7.3502528412128862],
        "s_5": [1.3425723383190868, -0.017782374861629063, 5.17499578471415012]
      },
      "topology": {
        "s_0": [
          "rod01",
          "cable_3",
          "cable_4",
          "cable_7"
        ],
        "s_1": [
          "rod01",
          "cable_1",
          "cable_2",
          "cable_8"
        ],
        "s_2": [
          "rod23",
          "cable_3",
          "cable_5",
          "cable_6"
        ],
        "s_3": [
          "rod23",
          "cable_0",
          "cable_1",
          "cable_7"
        ],
        "s_4": [
          "rod45",
          "cable_4",
          "cable_5",
          "cable_8"
        ],
        "s_5": [
          "rod45",
          "cable_0",
          "cable_2",
          "cable_6"
        ]
      }
    },
    "cables": [
     {
        "name": "cable_0",
        "type": "actuated_cable",
        "winch_r": 0.035,
        "motor_speed": 0.8,
        "stiffness": 100000,
        "damping": 0,
        "rest_length": 2.7,
        "init_act_length": 0.5,
        "end_pts": [
          "s_3",
          "s_5"
        ]
      },
      {
        "name": "cable_1",
        "type": "actuated_cable",
        "winch_r": 0.035,
        "motor_speed": 0.8,
        "stiffness": 100000,
        "damping": 0,
        "rest_length": 2.7,
        "init_act_length": 0.5,
        "end_pts": [
          "s_1",
          "s_3"
        ]
      },
      {
        "name": "cable_2",
        "type": "actuated_cable",
        "winch_r": 0.035,
        "motor_speed": 0.8,
        "stiffness": 100000,
        "damping": 0,
        "rest_length": 2.7,
        "init_act_length": 0.5,
        "end_pts": [
          "s_1",
          "s_5"
        ]
      },
      {
        "name": "cable_3",
        "type": "actuated_cable",
        "winch_r": 0.035,
        "motor_speed": 0.8,
        "stiffness": 100000,
        "damping": 0,
        "rest_length": 2.7,
        "init_act_length": 0.5,
        "end_pts": [
          "s_0",
          "s_2"
        ]
      },
      {
        "name": "cable_4",
        "type": "actuated_cable",
        "winch_r": 0.035,
        "motor_speed": 0.8,
        "stiffness": 100000,
        "damping": 0,
        "rest_length": 2.7,
        "init_act_length": 0.5,
        "end_pts": [
          "s_0",
          "s_4"
        ]
      },
      {
        "name": "cable_5",
        "type": "actuated_cable",
        "winch_r": 0.035,
        "motor_speed": 0.8,
        "stiffness": 100000,
        "damping": 0,
        "rest_length": 2.7,
        "init_act_length": 0.5,
        "end_pts": [
          "s_2",
          "s_4"
        ]
      },
      {
        "name": "cable_6",
        "type": "cable",
        "stiffness": 5000,
        "damping": 0,
        "rest_length": 1.95,
        "end_pts": [
          "s_2",
          "s_5"
        ]
      },
      {
        "name": "cable_7",
        "type": "cable",
        "stiffness": 5000,
        "damping": 0,
        "rest_length": 1.95,
        "end_pts": [
          "s_0",
          "s_3"
        ]
      },
      {
        "name": "cable_8",
        "type": "cable",
        "stiffness": 5000,
        "damping": 0,
        "rest_length": 1.95,
        "end_pts": [
          "s_1",
          "s_4"
        ]
      }
    ]
  },
  "contact_params": {
    "restitution": 0.0,
    "baumgarte": 0.2,
    "friction": 0.9210786094694333,
    "friction_damping": 0.8,
    "rolling_friction": 1.0
  }
}
